Question,Kobart-summary
면접자님께서는 협업을 할 때 사교성이 좋은 편이신가요 그렇다면 사교성을 키우기 위해서는 어떤 노력들을 해 보셨나요,RND 직무의 인성면접에 참가하게 된 신입 지원자입니다. 저는 개인주의적인 사람이지만 협업을 할 때는 사교성이 좋은 편이라고 생각합니다. 유대감을 키워서 협업을 해야만 훨씬 더 어 제대로 된 결과물이 나왔기 때문입니다.                               .             .              습니다.
창의성과 팀워크 중 더 중요하게 생각하시는 것이 무엇인지 말씀해 주시고 그렇게 생각하시는 근거도 함께 얘기해 주세요,RND 직무의 인성면접에 참가하게 된 신입 지원자입니다. 저는 팀워크를 가장 잘 표현할 수 있는 것은 스포츠라고 생각합니다. 팀워크를 통한다면 다른 개개인의 창의성과 같은 특별한 능력이 있을지라도 그보다 더 큰 성과를 이뤄낼 수 있다고 생각합니다. 아무리 창의성이 좋은 사람이 한 명 있다고 하더라도 팀워크를 통해 이 팀이 잘 조직이 된다면 가장 최고의 효율을 나타내는 결과를 나타낼 수 있을 거라고 생각합니다.
지원자분의 십 년 후 미래는 어떨 것 같으신지 궁금합니다 저희 회사에 계속 다니고 계실 것 같으신가요,RND 직무의 인성면접에 참가하게 된 신입 지원자입니다. 제가 생각하는 엔지니어는 엔지니어로서의 능력을 바탕으로 리더십을 발휘하는 공학형 인재를 말합니다. 지금은 한 팀의 구성원으로서 능력을 키우기 위해 배운다는 마음가짐으로 업무의 최선을 다할 것입니다.                                             .
지원자 분의 성격 상 장점과 단점에 대해서 이야기해 주세요 구체적인 예시를 들어주셔도 좋습니다,RND 직무의 인성면접에 참가하게 된 신입 지원자입니다. 제 장점이라 하면 어떤 일을 하는 데 있어서 느슨하게 하지 않고 꼼꼼하게 정리를 하고 어 메모도 하고 기록을 남기는 어 성격의  것이죠.                               .               이               의
그동안 속해 있었던 조직이나 단체 속에서 지원자님은 주로 어떤 역할을 하는 사람이었는지 궁금합니다,RND 직무의 인성면접에 참가하게 된 신입 지원자입니다. 저는 밝은 성격으로 주변 친구들과 소통하는데 엇갈리는 점이 많았지만 징검다리 역할을 하여 원활히 소통을 하도록 도와주는 윤활유 역할을 한 것 같습니다.                               .                              의
해외에 파견 근무를 나가게 된다면 어느 나라에서 일을 하고 싶으십니까 이유도 말씀해 주시기 바랍니다,RND 직무의 인성면접에 참가하게 된 신입 지원자입니다. 제가 해외에 파견 근무를 나가게 된다면 터키에서 반드시 일을 해보고 싶습니다. 그 이유는 제가 터키에 굉장히 능통한 경험이 있기 때문인데 제가 터키에 굉장히 능통한 경험이 있기 때문입니다. 일 년 간의 교환 학생 기간이 끝나고도 저는 터키에서 더 지내게 되었는데 그곳에서 관련 직무와 관련된 인턴을 하면서 어 이 년이라는 시간을 더 보낼 수 있었습니다. 터키는 굉장히 어 발전 가능성이 많은 국가이기 때문에 이러한 점도 제가 터키의 끌림을 느끼는 이유 중의 하나 중 하나입니다.
면접자님께선 과거 프로젝트를 수행했던 경험이 있나요 있다면 그 프로젝트 내에서 어떤 역할을 맡으셨는지 궁금합니다,"RND 직무의 인성면접에 참가하게 된 신입 지원자입니다. 수소 에너지 산업에 대한 인력 양성 로드맵을 작성하는 국가 과제를 수행했던 적이 있었습니다. 제가 대학생인 상황에서 할 수 있을 것이라고는 생각하지 않았지만, 과거에 어떤 직장에서 일을 하면서 그 직장에서 국가 과제를 따와서 같이 일을 하게 될 기회가 있어서 또 관련돼서 이 프로젝트에 투입이 됐었습니다. 끝까지 해내고자 마음을 다짐하고 열심히 해서 마지막까지 잘 마무리를 할 수 있을가 할 수가 있었습니다."
현대 사회에서 없어서는 안되고 가장 중요하다고 생각하시는 직업이 있으시다면 한 가지만 골라서 답변 부탁드리도록 하겠습니다,RND 직무의 인성면접에 참가하게 된 신입 지원자입니다. 제약 바이오 알엔디 산업에 종사하는 직무분들 혹은 최우선에서 국민의 안전을 담당하는 소방관 경찰관 등이 가장 필요하다고 생각합니다. 현대 사회 많은 기술들은 에이아이 기술과 로봇 기술의 발전으로 점차 대체되어 나가고 있지만 로봇이 아무리 발전해도 결코 대체할 수 없는 분야가 있다고 생각합니다. 특히 안전 직무의 경우 더욱 그렇습니다. 매 순간 유동적인 사람의 감정을 공감하면서 그런 상황에 최적의 판단을 내릴 수 있을 능력은 아직 로봇이 갖추지 못하였다고 생각하기 때문에 일선에 최우선에서 인간들의 안전을 책임지는 안전 직무는 그 무엇보다도 사람이 필요한 현대 사회에 없어서는 안 될 직무라고 생각합니다.
면접자님께서 스터디를 따로 하고 계신 게 있다면 어떤 공부인지 왜 하고 계신지 말씀해 주세요,RND 직무의 인성면접에 참가하게 된 신입 지원자입니다. 저는 교양으로 중국어 수업을 들었고 영어만큼 중국어가 더 많이 쓰일 예정이 있기 때문에 그 언어에 대한 미래도 밝다고 생각했습니다. 그래서 중국어를 배우고 회화 스터디를 하고 회화 위주로 하는 스터디를 하고 있습니다. 중국어가 어느 정도 일정 수준에 올랐다고 생각하고 앞으로도 더 능 효율적으로 할 수 있도록 노력하고 있습니다.
지원자님이 현재 현재 가지고 있는 그 위치보다 더 높은 더 어려운 목표를 달성한 경험이 있다면 그 경험에 대해서 얘기해 주세요,RND 직무의 인성면접에 참가하게 된 신입 지원자입니다. 코로나 때문에 현지에 있는 엔지니어들이 한국에 방문할 수 없었지만 저는 이십 억이 넘는 장비를 일단 설치하고 장비에 마다 이십 개의 카메라를 달아서 현지에 있는 엔지니어들이 저희한테 설치 지원을 할 수 있게끔 중간에 통역 및 관련된 업무를 계속적으로 지원하여 세 달 만에 장비 두 대를 완벽하게 설치 가동 검수까지 마치고 업무를 이행하지 못할 시 물어내야 하는 지체 상금에 대해서도 한 푼도 물지 않고 현재까지 잘 쓰고 있었습니다.
일을 하다 보면 영어로 서류를 작성해야 될 일이 생길 수도 있는데 그럴 때마다 영어로 서류를 작성하실 수 있으실까요,RND 직무의 인성면접에 참가하게 된 신입 지원자입니다. 대학 생활을 오 년 넘게 하면서 가장 많이 했던 일 중의 하나가 바로 영어로 페이퍼를 쓰는 것인데 높은 점수를 맞아야 지피에이를 높게 유지할 수 있고 그 학생의 태도와 전반적인 생활을 단적으로 보여주는 예가 되기 때문에 회사에 이직하거나 취직할 때 좋은 활용도를 보여줄 수 있는 척도가 될 수 있습니다.                                에세이
지원자님께서는 본인이 팀으로 일하는 것과 혼자 일하는 것 중에 어떤 것을 더 선호하시는지 궁금합니다 또 그리고 그것을 더 선호하시는 이유도 함께 말씀해 주시길 바랍니다,RND 직무의 인성면접에 참가하게 된 신입 지원자입니다. 저는 팀으로 일하면서 소통을 하고 또 제가 가진 아이디어 말고 다른 사람은 어떻게 생각하는지에 대해 들을 수 있는 좋은 기회라고도 생각합니다. 저는 팀으로 일하는 것을 더욱 선호합니다.  그 조직은 그 혼자인 사람보다 더 큰 힘을 발휘하고 더 멀리 갈 수 있는 원동력이 된다고 생각하기 떄문인                               .
지원자분 본인께서 지금까지 살면서 이뤄왔던 성과들 가운데에서 가장 큰 성과는 무엇일지 궁금합니다 자랑 한번 해 주시면 좋겠습니다,RND 직무의 인성면접에 참가하게 된 신입 지원자입니다. 제가 살면서 가장 크게 이룬 성과 중 하나는 미국 자격증인 피엠피이다. 피엠피는 미국에서 주최하는 그 자격증 시험이고 자격증 시험하고 유지하는 데 있어서도 비용이 들지만 전 세계적으로 프로젝트 매니저를 배양하고 자질을 확인하고 유지하기 위한 준비된 시험 제도로서 이 시험 과목을 어 자격증을 획득하면서 향후에 업무를 수행하는 데 있어서 프로젝트 매니저로서 어떠한 일을 수행하고 어떻게 일 처리를 하는지 기본적인 백그라운드를 많이 얻을 수 있었던 것이 가장 큰 성과였다.
기차가 운행 시에 산사태로 삼십 분 동안 정차되었습니다 만약 지원자님이 관리 책임자라면 이 상황에 어떻게 조치하실 건가요,RND 직무의 인성면접에 참가하게 된 신입 지원자입니다. 기차에 타고 있는 승객들이 그 상황을 먼저 알고 있는 인지를 하고 있는 것이 가장 중요하기 때문에 먼저 방송을 통해서 양해의 말씀을 구한 다음에 산사태가 발생되어서 삼십 분 동안 정차를 하게 되었습니다 라고 방송을 할 것 같습니다. 그리고 승객들에게 최대한 불안감을 느끼지 않도록 하는 것이 가장 중요한 제 역할이라고 생각합니다.                               .
삼 년 내 자신의 주요 성장 계획이나 목표가 있습니까,RND 직무의 인성면접에 참가하게 된 신입 지원자입니다. 저는 삼 년 뒤에 바디 프로필을 찍는 것을 목표로 운동을 하고 있습니다. 내년에는 살을 뺄 계획이고 마지막에는 근력까지 키워서 바디피로 바디 프로필을 찍고 싶습니다.                              ......              .
지원자님께서 본인의 단점이 있다면 말씀해 주시고 또 본인이 지금까지 그것을 보완하기 위해서 하신 노력이 있으시다면 함께 말씀해 주시길 바랍니다,RND 직무의 인성면접에 참가하게 된 신입 지원자입니다. 엠비타이 마지막이 피라는 것에서 알 수 있듯이 저는 계획적인 것보다는 즉흥적인 사람 성격인데 평소에도 계획을 하고 하는 것 보다는 즉흥적으로 뭘 다른 곳으로 일을 진행하는 것을 즐기기도 하며 거기서 오는 우발적인 상황들에 대해서 전혀 생각하지 못했던 상황이기 때문에 그 점에서 오는 재미를 느끼고 거기서부터 다른 일을 하는 것도 굉장히 좋아해서 그 점에서 오는 재미를 느끼고 거기서부터 다른 일을 하는 것도 굉장히 좋아해서 다른 다른 일들을 할 때도 즉흥적으로 하게 되어서 계획을 하고 철저히 하게 해야 되는 일들을 할 때 좀 어려움이 있었습니다.
지원자님께서 직장을 선택하실 때 가장 중요하게 생각하는 세 가지는 무엇인가요 구체적으로 각각에 대해 말씀해 주세요,"RND 직무의 인성면접에 참가하게 된 신입 지원자입니다. 제가 직장을 선택할 때 가장 중요하게 생각하는 세 가지 중 첫 번째는 회사 자본이며, 두 번째는 그 회사를 대표하는 대표자의 인품이 중요하다고 생각한다. 마지막 세 번째는 회사의 비전이기에 의지와 열정이 생길 수 있다는 점이다.                              .             ......"
기차가 운행을 하다가 산사태로 삼십 분 동안 정차하게 되었습니다 그때 관리 책임의 위치에 있는 사람이라면 어떻게 조치하실 건가요,RND 직무의 인성면접에 참가하게 된 신입 지원자입니다. 기차가 운행 시 산사태로 삼십 분 동안 정차되었다면 우선 승객들에게 이 사실을 알리고 안전 조치가 확실하게 되었는지 확실하게 판단되기 전까지 정차를 해지하지 않겠습니다. 무엇보다 중요한 것은 승객들의 안전이기 때문에 시간이 더 지연될지라도 승객들에게 양해를 구하고 기차 운행이 괜찮은 상태인지 안전 점검을 하는 것이 우선적으로 필요하다고 생각합니다.
그동안 속해 있었던 조직이나 단체 속에서 지원자님은 주로 어떤 역할을 하는 사람이었는지 궁금합니다,RND 직무의 인성면접에 참가하게 된 신입 지원자입니다. 저는 밝은 성격으로 주변 친구들과 소통하는데 엇갈리는 점이 많았지만 징검다리 역할을 하여 원활히 소통을 하도록 도와주는 윤활유 역할을 한 것 같습니다.                               .                              의
본인의 생각이 아닌 지원자님의 다른 주변 사람들의 생각하는 지원자님의 단점과 장점을 모두 말씀해 주시기를 바랍니다,"RND 직무의 인성면접에 참가하게 된 신입 지원자입니다. 주변 사람들이 생각하는 저의 장점은 밝음입니다. 이 밝음이 혼자만 밝게 빛나는 것이 아니라 다수의 사람들까지도 그 빛을 비춰주는 것입니다. 또 그 사람들을 웃게 하는 매력이 있다고 합니다. 저는 사람들을 좋아하고 또 관심이 많고, 항상 행복했으면 좋겠고 웃었으면 좋겠다라는 마음을 항상 가지고 있는데 저의 이 마음이 그들에게 통했던 것 같습니다."
지원자분께서 지금까지 살면서 이룬 성과 중에 가장 큰 성과는 무엇이라고 생각하십니까 자랑 한번 해보시길 바랍니다,RND 직무의 인성면접에 참가하게 된 신입 지원자입니다. 제가 살아오면서 이뤄냈던 성과 중에 가장 큰 성과라고 생각하는 것은 대학교 진학인 것 같습니다. 이 사 년이라는 시간이 짧지 않은 만큼 굉장히 체계적이고 어 꾸준하게 목표를 세워서 그 목표를 결국에는 이루어냈다고 생각합니다.                              ......              .
직무 수행 시 모르는 과제가 등장했다면 어떠한 방식으로 해결하시겠습니까 그 해결법과 이유를 말씀해 주세요,RND 직무의 인성면접에 참가하게 된 신입 지원자입니다. 모르는 과제에 대한 기본 지식들을 제가 습득하고 정리해서 저만의 아이디어로 해결책을 한 번 제시해 볼 것 같습니다. 만약 그 해결책이 통과가 되지 않았을 때 도움을 요청 드려도 충분하다고 생각해서 오히려 저에게는 어떤 가치와 능력을 보여줄 수 있는 어 기회라고 생각하고 열심히 공부하고 자료 조사를 해서 음 한 번 스스로 생각대로 해결해 보도록 노력해 볼 것 같습니다.               .
지원자님은 협업을 할 때 사교성이 좋은 편인지 궁금합니다 사교성을 키우기 위해서 어떤 노력을 하셨는지도 궁금합니다,"RND 직무의 인성면접에 참가하게 된 신입 지원자입니다. 학창 시절부터 지금까지 주변 사람들한테 사교성이 굉장히 좋다는 얘기를 많이 들었고, 항상 리더 역할 조직을 이끄는 역할을 많이 했었습니다. 대학교 시절에도 동아리 대표를 맡을 정도로 사교성이 뛰어나고 책임감이 남들보다 강한 편입니다. 만약 본인이 좀 사교성이 부족한 사람이라고 느낀다면 제가 가장 좋아하는 취미 활동을 여러 사람들과 함께 할 것을 권유드립니다. 저도 그런 방식으로 사교성을 키워왔고, 지금은 누구보다도 협업할 때 사교성이 굉장히 좋은 편에 속합니다."
창의성과 팀워크 중 더 중요하게 생각하시는 것이 무엇인지 말씀해 주시고 그렇게 생각하시는 근거도 함께 얘기해 주세요,RND 직무의 인성면접에 참가하게 된 신입 지원자입니다. 저는 팀워크를 가장 잘 표현할 수 있는 것은 스포츠라고 생각합니다. 팀워크를 통한다면 다른 개개인의 창의성과 같은 특별한 능력이 있을지라도 그보다 더 큰 성과를 이뤄낼 수 있다고 생각합니다. 아무리 창의성이 좋은 사람이 한 명 있다고 하더라도 팀워크를 통해 이 팀이 잘 조직이 된다면 가장 최고의 효율을 나타내는 결과를 나타낼 수 있을 거라고 생각합니다.
어 지원자님께서 의견을 주장하실 때 강하게 주장하는 편이실까요 아니면은 어떤 스타일로 자기네 자기 자신의 의견을 주장하시는지 그것 또한 저희에게 말씀해 주십시오,RND 직무의 인성면접에 참가하게 된 신입 지원자입니다. 저희 가족 집안 내력으로서 이런 강한 아집과도 같은 주장을 할 수 있는 피로 태어났다고 생각을 뭐 그렇습니다. 뭐 그렇습니다. 뭐 그렇죠. 뭐 그렇죠. 뭐 그렇기도 하고요. 이거는 사실 저는 사실 저는 음 집안 내력인 것 같아요.                              ......              .
살면서 가장 힘들었던 점이 무엇입니까 또 그 점을 극복하기 위해 어떤 노력을 하셨는지 궁금합니다,RND 직무의 인성면접에 참가하게 된 신입 지원자입니다. 살면서 가장 힘들었던 건 경제적인 면이 가장 힘들었던 것 같습니다. 하지만 다행히 대학교에 입학하고부터는 가정 형편도 많이 좋아져서 그때는 이제 학업에 몰두할 수 있었습니다.                              ......              .
창의성과 팀워크 둘 중 무엇을 더 중요하게 생각하시나요 근거도 함께 들어서 말해주세요,RND 직무의 인성면접에 참가하게 된 신입 지원자입니다. 창의성과 팀워크 중에서 팀워크가 더 중요한 건 그 팀들의 생각들이 합쳐져서 시너지 효과를 발휘하며 더 큰 창의적인 아이디어가 나오기 때문이라고 생각합니다. 이를 토대로 좋은 팀워크를 통해 더 발전된 회사가 되도록 노력하겠습니다.                              .              .
어 보통 남을 잘 이끄는 리더형과 남을 잘 따르는 팔로워 형으로 나뉘곤 하는데요 지원자님이 생각하시기에 본인은 어떤 유형이라고 생각이 되시나요 그리고 그렇게 생각하시는 이유는 무엇인지 설명해 주시길 바랍니다,RND 직무의 인성면접에 참가하게 된 경력직 지원자입니다. 저는 중간 다리 역할을 굉장히 잘합니다. 이끄는 사람의 리더의 마음도 이해를 하고 따라와야 하는 사람들의 마음도 잘 알고 있기 때문에 상대방의 입장이 되어보지 않고서는 정확히 그 사람들의 마음을 이해하기 어렵다고 할 수 있습니다. 하지만 우리가 어떤 큰 대의를 보고 작은 부분에 집착하지 말고 큰 뜻을 보고서 같이 나가자. 네 그런 타입인 것 같습니다.
팀으로 하는 업무가 있고 또 혼자서 개인적으로 하는 업무가 있다고 했을 때 어떤 것들을 더 선호하는지 말씀을 해 주시죠 그리고 그 선호하는 이유에 대해서 구체적으로 말씀을 해 주시겠습니까,RND 직무의 인성면접에 참가하게 된 신입 지원자입니다. 저는 팀과 혼자 일하는 것 중에 팀으로 일하는 것을 더 선호합니다. 일이라는 것이 재미도 있어야 한다고 생각하기 때문입니다. 그래서 저는 업무를 할 때 팀으로 일하는 것을 더 선호하고 있고                업무는                              .
얼마 전 구급대원이 주취자에게 폭행을 당해 순직 당하는 안타까운 사건이 발생했습니다 그 사건에 대해 어떤 생각을 가지고 계신지 궁금합니다,RND 직무의 인성면접에 참가하게 된 신입 지원자입니다. 구급 대원들이 출동 현장에서 심한 욕설을 들어도 참는 것이 일상이 되었다고 하나둘씩 말을 하고 있습니다. 물리적 폭행이 아닐 경우 피해 사실을 입증하기 힘들다고 합니다. 정보기관 입장에서는 민원이 제기되면 일이 커지는 게 부담스럽다면서 법적 분쟁까지 갈 경우 받게 되는 스트레스가 크기 때문에 억울해도 사과 한 번의 일을 마무리 하곤 한다고 합니다.
일의 특성 상 야근이나 잔업 외근이 많아질 수 있는데 면접자님께서는 어떻게 받아들이시겠습니까,RND 직무의 인성면접에 참가하게 된 신입 지원자입니다. 아르바이트를 하면서 야근이 많거나 외근이 많더라도 잘 해낼 자신이 있습니다. 야근을 하면 몸이 힘들 수는 있지만 추가적으로 야근 수당 등을 받을 수 있기 때문에 잘 할 수 있고 외근도 상관없습니다.                               .             .
입사 후에 쉬운 일과 어려운 일이 있을 때 그 일에 대한 분배는 어떻게 하실지 일을 어떤 방법으로 나눠서 처리할 생각인지 궁금합니다,RND 직무의 인성면접에 참가하게 된 신입 지원자입니다. 사람이 상식적으로 어려운 일을 먼저 한 다음 쉬운 일을 하게 되면 심리적으로나 뒤에 하는 일이 더욱 쉽게 느껴질 것입니다. 하지만 쉬운 일을 하고 어려운 일을 하게 된다면 일의 능률이나 시간 같은 경우도 훨씬 더 효율적으로 분배되어서 일 처리하는 데 크게 도움을 받을 것 같습니다. 그렇기 때문에 저는 굳이 쉬운 일과 어려운 일에 대해서 우선순위를 정해야 한다면 어려운 일을 먼저 시작한 뒤 그 일을 다 마치고 나서 그 다음에 쉬운 일을 처리하는데 힘을 쓸 것 같습니다.
입사 후에 근무를 하다가 정작 지원자님이 지원한 분야가 잘 맞지 않는다는 사실을 깨닫게 된다면 어떻게 하실 것 같아요,"RND 직무의 인성면접에 참가하게 된 신입 지원자입니다. 제가 지원한 분야가 저와 맞지 않는다는 사실을 깨닫게 된다면 최대한 노력해 보겠습니다. 입사 후에 근무를 한다고 해서 부정이 되는 상황이기 때문에 이것이 맞지 않는 것인지 다른 이유 때문에 스스로를 회피하는 것인지 좀 더 파악을 하고 상황 파악을 하고 생각을 해 봐야 할 것 같습니다. 업무 변경을 하고자 할 때는 정확하게 어떤 업무를 하고 싶은지, 그 업무를 하는 담당자들을 통해서 실질적인 업무 수행은 어떻게 하는 것인지 그런 것들이 사전에 다 스터디가 되어 있어야 할 것 같습니다."
지원자님께서 직장을 선택할 때 가장 중요하게 생각하는 세 가지가 있다면 각각 무엇인지 말씀해 주시기 바랍니다,"RND 직무의 인성면접에 참가하게 된 신입 지원자입니다. 제가 직장을 선택할 때 가장 중요하게 생각하는 세 가지는 적성과 연봉 그리고 동료입니다. 우선 적성은 업무가 내 적성에 맞고 안 맞고가 매우 중요한 선택의 기준이 되는데 연봉을 아무리 많이 준다고 하더라도 제 적성에 맞지 않는 업무라면은 그 일을 지속하기는 어려울 것입니다. 저는 개인적으로 조금 내향적인 사람입니다. 타인과 대면하는 것이 위주인 업무는 정말 상상하기 어려운데, 타인과 대면하는 것이 주를 이루는 업무는 적성에 너무나 맞지 않기 때문에 아무리 많은 돈을 주더라도 제가 거기에 적응할 수 없고 빨리 그만두게 될 것입니다."
당신이 가진 기술 중에 가장 자신 있는 기술 분야는 어떠한 분야입니까 그 기술을 직무에 어떻게 활용할 것인지도 말씀해 주십시오,RND 직무의 인성면접에 참가하게 된 신입 지원자입니다. 통번역 분야의 강점을 살려 국제 업무에서 회사에 기여하는 인재가 되고 싶습니다. 저는 다양한 통번역 경험을 통해서 이런 통번역 과정에서 생기는 많은 변수들에도 대처를 해 봤는데 이제는 많은 경험을 통해서 변수에서도 좋은 대처를 할 수 있는 능력도 갖췄습니다.                               .
우리 회사에 들어오게 되면 업무 스타일이 기존과 많이 달라질 수 있는데 기존과 다른 업무 스타일에도 잘 적응할 수 있을까요,RND 직무의 인성면접에 참가하게 된 신입 지원자입니다. 모든 회사에서는 효율적인 방안을 추구하기 때문에 이 업무 스타일이 결코 비효율적이라고 생각 되지는 않는다. 그렇기 때문에 기존과 달라지더라도 최대한 빠르게 수용하고 배워 나가서 업무에 잘 녹아질 수 있도록 노력할 것이다.                               .             .
팀원 중 의견이 안 맞는 직원이 있다면 어떻게 대처할 것인가요,RND 직무의 인성면접에 참가하게 된 경력직 지원자입니다. 팀원들 간에 의견이 맞지 않는 경우 그 의견에 대한 수렴을 먼저 하고 같은 공통된 생각에 대한 부분에 포인트를 가지고 다시 이야기를 시작하여 의견을 맞춰 나갑니다.                              .                              에
지금까지 살아오시면서 가장 힘들었던 경험은 무엇이었습니까 또 그것을 어떻게 극복하셨는지도 궁금합니다 말씀해 보시겠습니까,"RND 직무의 인성면접에 참가하게 된 신입 지원자입니다. 평소 친하게 지냈던 동기분들과 공모전 진행을 위해 서로 협업 중이었는데, 공적인 부분에서의 의견 충돌이 일어나다 보니 사적인 감정이 상하게 되고 서로 안 좋은 시선으로 보게 되는 그런 상황들이 오게 되었습니다. 제가 먼저 다가가자 인간관계가 좀 좋게 해소되는 경험들이 저에게 큰 어떤 경험이 되었습니다."
자신의 생각이 아닌 지원자님의 다른 주변인들이 생각하는 자신의 단점과 장점을 모두 말씀해 주세요,"RND 직무의 인성면접에 참가하게 된 경력직 지원자입니다. 남들은 직설적으로 말을 많이 한다는 말을 듣고, 장점이라면 현명하고 똑똑하며 외향적이고 활발하다는 것이다. 그래서 사람들하고 많이 친하다 그래서 그게 장점이다 라고 말한다.                              ......"
협업을 할 때는 사교성이 좋은 편이신가요 그렇다면 사교성을 키우기 위해서는 어떤 것을 노력해 보셨나요,RND 직무의 인성면접에 참가하게 된 신입 지원자입니다. 협업에서는 의사소통 능력이 매우 중요하고 여기에서는 상대방을 공감하는 것이 중요합니다. 상대방과 공감하고 일에 대해 더 잘 얘기할 수 있다면 앞으로 있을 협업에서 좋은 결과를 나타낼 수 있을 것입니다.                                             .
지금까지 살아오시면서 새로운 환경에서 전혀 몰랐던 일을 본인이 맡아서 하신 경험이 있으신가요 있으시다면 한 번 소개해 주시기 바랍니다,RND 직무의 인성면접에 참가하게 된 신입 지원자입니다. 대학교 졸업 이후 영어의 부족함과 넓은 세상을 체험하고자 선택했던 해외 봉사는 저를 한 단계 발전시킨 경험이라고 생각합니다. 계속해서 부딪치며 장벽을 깨는 방법을 통해 저는 한 단계 더 발전할 수 있었던 것 같습니다.                               .             ......
지원자님께서 생각하시기에 협업을 할 때 가장 중요하게 생각하신 것이 있다면 무엇이라고 말씀하시겠습니까 그리고 왜 그것을 가장 중요하게 생각하시는지도 말씀해 주세요,RND 직무의 인성면접에 참가하게 된 신입 지원자입니다. 아 협업을 할 때 팀원들 간의 팀웍을 중간에서 조율하는 역할이 가장 중요합니다. 조장이 중간에서 힘든데도 그 조원들을 다독이고 조율하면 좋은 과제물이 탄생할 수 있기 떄문입니다.                                              .
다른 사람들이 생각하는 지원자님의 장단점은 뭐라고 생각하시나요 이유에 대해서도 함께 말씀해 주실 수 있나요,RND 직무의 인성면접에 참가하게 된 신입 지원자입니다. 일에 대한 열정이 있기에 저는 항상 일을 처리함에 있어서 쪼금은 급한 모습을 보이기도 하지만 그렇다고 하더라도 일 처리를 못하는 편이 아닌 아주 정확하고 제 시간에 끝낼 수 있는 능력을 갖출 수 있었습니다.                              ......              .
이전 직장이나 대학에서 어떤 프로젝트를 해 보셨나요 생각나시는 게 있다면 해당 프로젝트에 대해서 가능한 구체적으로 말씀해 주실 수 있을까요,RND 직무의 인성면접에 참가하게 된 신입 지원자입니다. 대학 시절 동아리에서 지역아동센터 아동들을 대상으로 요리 프로그램을 진행한 적이 있습니다. 이 센터는 맞벌이 부모 밑에서 자라는 아동들이 방과 후에 혼자 집에 있을 수 없으니 센터에 모여 함께 공부도 하고 또 문화 체험도 하는 활동들을 지원하는 곳이라고 할 수 있겠습니다. 가장 먼저 생각한 프로젝트가 이 프로젝트인 것 같습니다.
지원자분께서는 회사가 가지고 있는 덕목이 무엇이라고 생각하시는지 궁금합니다 그래서 지원자분께서는 어떤 회사가 가장 좋은 회사라고 생각하시는지 답변 부탁드리겠습니다,RND 직무의 인성면접에 참가하게 된 신입 지원자입니다. 저는 회사의 덕목은 리더가 사람들과 소통이 잘 되는 것이라고 생각합니다. 조직 구성원 모두 네트워크를 통해 의사소통을 할 수 있는 인식을 심어주고 협업을 활성해 활성화해야 한다고 생각합니다. 그러므로 소통을 소통의 도구나 소통의 장을 잘 만들어주고 이것이 구성원의 자율성으로 연결될 수 있도록 도와줘야 한다고 생각합니다.                               이
면접자님께서 지금까지 인생을 살면서 가장 후회되는 일이 있으시다면 어떤 일일지 궁금한데요 한 가지만 골라서 말씀해 주시기 바랍니다,RND 직무의 인성면접에 참가하게 된 신입 지원자입니다. 인생을 살면서 가장 후회되는 일은 도전을 더 하지 않은 것입니다. 기회는 다시 돌아오지 않고 경험은 돈으로 주고 살 수 없습니다. 저는 경험이 가장 중요하기 때문에 뭐든지 도전해 봤어야 한다고 생각합니다. 앞으로 어떤 기회가 오거나 어떠한 상황이 벌어져도 항상 도전하고 그것의 성공과 실패를 따지고 두려워하지 않고 시도해 보는 자세를 가질 것이며 큰 만족감이 될 거라 생각합니다.
본인이 생각하는 본인의 장점과 단점이 있으실 겁니다 그것에 대해서 설명해 주시길 바랍니다 그리고 본인의 장점과 단점을 어 특화시키고 또 그것을 극복하기 위해서 지금까지 기울였던 노력에 대해 말씀해 주세요,RND 직무의 인성면접에 참가하게 된 경력직 지원자입니다. 저는 항상 융복합에 대해 생각합니다. 하늘 아래에 새로운 것은 없다는 큰 전제 하에서 말씀드리는 겁니다. 제가 알고 있는 우리가 우리 주변에서 접하고 있는 대부분의 것들도 어떻게 보면 다 융복합의 결과입니다. 저는 그런 어떤 경계와 경계를 허무는 융복합이야말로 이 시대를 혁신할 수 있는 진정한 길이라고 생각을 하고 저 자신도 그런 융복합을 위해서 항상 제 어떤 장애 한계를 뛰어넘는 그런 노력을 해 왔기 때문에 지금 이렇게 말씀드릴 수 있습니다.
지금 공부하고 있는 분야는 무엇인가요 왜 그것을 공부하고 있는지 지금까지 배운 것들은 무엇인지도 자세하게 말씀해 주실 수 있을까요,RND 직무의 인성면접에 참가하게 된 신입 지원자입니다. 성인이 되어서 피아노를 치지 않다 보니 손이 많이 굳어 감각을 살리기 위해 피아노를 치기 시작했습니다. 피아노는 손이 긴 사람한테 유리하고 손이 길기 때문에 피아노를 치기 유리한 손이라고 생각하며 이 피아노를 치면 심신의 안정도 가져올 뿐만이 아니라 업무를 할 때 조금 더 차분하게 집중을 할 수 있습니다.
직무 소행시 난관에 봉착했다면 어떻게 해결하시겠습니까 면접자님의 해결법과 이유를 함께 이야기해 주시기 바랍니다,RND 직무의 인성면접에 참가하게 된 신입 지원자입니다. 직무를 수행하다 보면 많은 난관에 봉착할 때가 있습니다. 제가 능력으로 할 수 없거나 처리하기에 너무 힘든 일에 봉착하게 된다면 저는 일단 어 누구에게나 도움을 요청할 것 같습니다. 제일 먼저는 상사에게 보고 드리고 제가 이런 업무가 지금 현재 이런 난관에 봉착해 있으니 이 부분을 어떻게 해결했으면 좋겠습니까 라고 어 문의 드리고 그 부분에서 조언을 얻어서 제가 처리할 수 있는 것을 차근차근 해결해 나갈 것 같습니다.
만약 상사가 업무와 무관한 일을 시킨다면 어떻게 하실 건가요 그 일도 수행을 하실 건지 아니면 수행하지 않을 건지 말씀해 주세요,RND 직무의 인성면접에 참가하게 된 신입 지원자입니다. 상사가 업무와 무관한 일을 시키더라도 큰 틀에서 보면 그 또한 제가 수행하고 있는 업무와 연관되어 있을 것 같습니다. 그렇기 때문에 저는 어떠한 일이든 상사가 지시를 한다면 수행할 것 같습니다.                              .              .
다른 사람이 생각하는 지원자의 장점과 단점은 뭐라고 생각하시는지 그 이유도 같이 말씀해 주시겠습니까,RND 직무의 인성면접에 참가하게 된 신입 지원자입니다. 나의 장점은 긍정적인 마인드와 밝은 웃는 얼굴이다. 긍정적인 마인드는 모든 사람들에게 포용할 수 있는 능력인 것 같다. 단점은 제가 싫었을 때 그 사람이 싫으면 얼굴에서 지극히 나타나는 현상이다.                               .             .
우리 회사에 들어오게 된다면 가장 가고 싶은 부서와 왜 그렇게 생각하셨는지 이유를 함께 말씀해 주십시오,RND 직무의 인성면접에 참가하게 된 신입 지원자입니다. 제가 이 회사에 들어오게 된다면 가장 하고 싶었던 일은 개발을 하는 직무입니다. 제가 가진 역량들을 최대한 활용하기 위해서 개발 업무를 맡고 싶습니다. 그리고 제가 조금은 내향적인 성격을 가지고 있습니다. 개발 업무를 하게 되면 다른 많은 분들과 무언가 소통하고 외향적인 분위기로 어떤 팀을 이끌어간다기보다 제 개인만의 시간으로 뭔가 개인적이고 창의적인 일들을 하면서 제 시간을 보낼 수 있다고 생각하기 때문에 어 개발 직무에서 한번 꼭 일해보고 싶습니다.
대학 생활을 보내면서 가장 힘들었던 경험은 무엇이었나요 또한 지원자님은 그것을 어떻게 극복하셨는지도 말씀 부탁드립니다,RND 직무의 인성면접에 참가하게 된 신입 지원자입니다. 대학 생활을 보내면서 가장 힘들었던 경험은 전과를 했을 때입니다. 전과를 하면서 과를 바꿔서 새로운 친구들을 사겨야 됐고 새로운 과 문화에 적응을 했어야 했습니다. 다른 원래 과에 있던 친구들도 휴학을 많이 하고 외국을 가는 등 많이 뿔뿔이 흩어져서 대학 생활이 조금 외로웠지만 그래도 대학 생활을 하는 것에 인간관계가 중요하긴 하지만 가장 중요한 것은 저의 공부라고 생각했기 때문에 열심히 다른 사람들과 친해지려고 노력했고 마무리 대학 생활을 하였습니다.
지원자님은 평소에 개인 작업을 많이 하시는 편인가요 그렇다면 그렇게 할 수 있는 원동력은 무엇입니까,"RND 직무의 인성면접에 참가하게 된 신입 지원자입니다. 그림 그리는 것과 시뮬레이션 코드를 작성하는 것 둘 다에 흥미를 가졌습니다. 이런 흥미는 눈에 보이는 결과에서 비롯되었다고 생각합니다. 그림의 경우 제가 시간을 들이고 고민을 할수록 제가 그리고자 하는 그림을 더 잘 표현하고 눈으로 확인할 수 있었고, 시뮬레이션의 경우 구현하고자 하는 상황을 눈으로 확인하는 과정이 저에게 흥미를 가져다 주었습니다."
본인의 생각이 아니라 지원자님의 다른 주변 사람들이 생각하는 지원자님의 장점과 단점이 있다면 모두 한번 말씀해 주시겠습니까,"RND 직무의 인성면접에 참가하게 된 신입 지원자입니다. 저는 컴퓨터면 컴퓨터 게임, 게임 업무 개발, 개발 예술 등 다양한 분야에 있어서 굉장히 광범위한 흥미를 가지고 있고 도전적으로 도전하려고 노력하는 편이기 때문에 이런 것들이 하나의 업무를 제대로 해내는 경우에는 조금 어렵지 않겠느냐 라는 이야기를 들은 적이 있습니다. 그것이 저의 단점이 될 수 있을 것 같고 때로는 이것이 저의 장점으로 작용한다고도 생각합니다.                한 업무를 한 가지 요소로만 해결할 수는 없다고               여러 가지 문제 해결을 해야 하는 상황이 온다고 하더라도 제가 알고 있는 지식들을 토대로 다양하게 다원화된 사회에서 이 모든 능력을 이용할 수 있을 것 같습니다."
본인의 생각이 아닌 지원자님의 다른 주변 사람들이 생각하는 지원자님의 단점과 장점을 모두 말해 보세요,RND 직무의 인성면접에 참가하게 된 신입 지원자입니다. 항상 긍정적인 태도로 임해서 남들이 힘들어할 때 북돋아주고 응원해 주는 게 제가 습관이 되어 있다 보니까 다른 한편으로는 제가 사사로운 정에 약하다고들 많이들 해주십니다. 이게 저의 장점이고 단점이라고 많이들 말씀해 주십니다.                                많은 분들이               그분들의 이야기를 들어드리고 또 도움이 되고자 노력하고
면접자님은 협업을 할 때 어떤 점을 가장 중요하게 생각하시나요 그렇다면 그것을 왜 가장 중요하게 생각하는지 그 이유도 같이 말씀해 주세요,RND 직무의 인성면접에 참가하게 된 신입 지원자입니다. 협업을 할 때 팀원들과 공통된 어 어 목적을 설정하고 팀장은 그 협업의 업무를 균등하게 나누는 것이 가장 중요하다고 생각합니다.                              .                             .
다른 사람이 생각하는 지원자 분의 장단점은 무엇인가요 그 이유까지 함께 말해주세요,RND 직무의 인성면접에 참가하게 된 신입 지원자입니다. 사람들은 저에게 영업이 맞다고 생각하지만 단점은 입을 열면 조금 깬다는 것 같다. 가볍고 친근하게 하는 말 스타일이라 그런 부분이 아닌가 싶다. 고치기 위해 연습을 하고 있다.                              .              .
나만의 스트레스 해소법이 있는지 있다면 왜 그런 방법으로 스트레스를 해소하는지 말씀해 주세요,RND 직무의 인성면접에 참가하게 된 신입 지원자입니다. 저만의 스트레스 해소법은 책을 읽는 것입니다. 이 책 속에는 정말 많은 지식들이 포함되어 있다고 생각합니다. 이 책을 읽으면서 저는 제 삶의 방향에 대해 더 생각을 할 수 있고 안 좋은 일이 있다고 하더라도 이 책을 읽으면서 그 속에서 어떤 해답을 찾아가고 제 자신을 더욱더 어 힐링을 했던 적이 굉장히 많았던 것 같습니다. 그렇기 때문에 제일 저만의 스트레스 해소법은 독서라고 말씀을 드릴 수 있을 것 같고 제가 입사를 하고 나서도 이 독서를 통해서 그 문제를 해결하고 싶습니다.
지금까지 살아오시면서 가장 힘들었던 경험은 어떤 것이가 어떤 것인가요 또 그것을 어떤 방법으로 극복하셨는지도 함께 말씀해 주시기를 바랍니다,RND 직무의 인성면접에 참가하게 된 신입 지원자입니다. 제가 지금까지 살아오면서 가장 힘들었던 경험은 해외에 나갔을 때였습니다. 그때부터 하루 빨리 이 영어를 마스터해서 이러한 설움을 이겨내고 여기서 잘 할 수 있다는 것을 보여주겠다. 그래서 매일같이 영어 단어를 백 개씩 외웠고 학교에서 배웠던 내용 중에 이해가 안 되는 부분은 집에 와서 사전을 옆에 두고 뜻을 찾아보면서 다시 복습했습니다. 이런 노력의 결과 영어가 들리기 시작했고 또 일 년이 지나자 능숙하게 말까지 할 수 있게 되었습니다.
지원자님께서 가지고 있는 상위 일 퍼센트의 능력에 대해서 말씀해 주시고 최대한 자세한 설명을 해 주시면 감사하겠습니다,RND 직무의 인성면접에 참가하게 된 신입 지원자입니다. 제가 가지고 있는 상위 일 퍼센트의 능력은 바로 운동 신경일 것 같습니다. 특히 소수의 인원들이 상위 일 퍼센트의 능력을 가지고 있는 사람들이라고 생각을 하는데 그들을 제외한 일반인들의 기준으로 봤을 때에 저의 운동 신경도 어 무시하지 못할 정도지 않을까 생각합니다. 제가 잘 하고 있는 축구도 순발력을 발휘해서 열심히 하고 있는 만큼 저의 능력은 순발력이지 않을까 생각합니다.
우리 회사에 들어오면 기존과는 업무 스타일이 조금 달라질 수 있습니다 면접자님께서는 기존과 다른 업무 스타일에 잘 적응할 수 있는지 궁금합니다,RND 직무의 인성면접에 참가하게 된 신입 지원자입니다. 제가 기존과 다른 업무 스타일을 배운다고 해서 불만을 표현하지 않고 오히려 빨리 적응하고자 노력할 것 같습니다. 또 만약에 이 업무에 빨리 적응을 못한다면 주변 팀원들에게 큰 피해와 민폐를 끼칠 수 있는 부분이라고 생각하기 때문에..............................................................
지금까지 살아오시면서 새로운 환경에서 전혀 몰랐던 일을 어 본인이 맡아서 하신 경험이 있으신지 궁금합니다 있다면 소개해 주시기를 바랍니다,RND 직무의 인성면접에 참가하게 된 신입 지원자입니다. 제가 인턴 생활을 하고 회사 업무를 했던 것 자체가 새로운 환경에서 전혀 몰랐던 일들을 했던 경험인 것 같습니다. 아 대학 생활을 거치고 연구소에서 인턴이나 현장 실습을 하기도 하고 그런 쪽에서 이제 기계공학과로서 업무를 많이 했었었는데 어 총무팀에 들어가서 일을 하면서 모든 일들이 저에게 새로웠습니다. 요런 일은 아무것도 모르는 일이었기 때문에 제일 처음에는 아무런 적응도 하지 못하였고 나중에는 어 팀에서 없어서는 안될 키 플레이어가 될 수 있었습니다.
지원자님께서 지원하신 그 직무가 아니라 다른 부서에 배치가 되게 된다면 그래도 괜찮으실까요,RND 직무의 인성면접에 참가하게 된 신입 지원자입니다. 제가 지금 지원한 이 직무가 아닌 다른 부서에 배치되어도 그 일들을 잘 수행할 수 있습니다. 제가 지금까지 준비했던 것들이 지금 이 직무에 가장 적합하다고 생각했기 때문에 이 직무를 지원한 것입니다. 최선을 다해서 그 직무에서 최고가 되도록 노력하겠습니다.                              .
지원자님의 전공과 관련해서 부족하다고 느끼고 따로 공부를 하는 것이 있다면 어떠한 것이 있는지 설명해 주시면 감사하겠습니다,RND 직무의 인성면접에 참가하게 된 신입 지원자입니다. 경제학을 전공하면서 부족한 금융 부분에 대한 지식을 쌓기 위해 인터넷 강의를 통해 유명한 교수님의 어 이 금융 금융 경제학 파트 부분을 공부하고 있습니다. 이를 통해서 금융 경제학의 전반적인 역사부터 실용적으로 알 수 있는 다양한 금융적인 저의 지식을 쌓고 있고 또 이를 바탕으로 제가 일을 할 때 큰 도움이 될 수 있다고 생각합니다. 이런 부분들을 계속해서 발전시키기 위해 금융 경제학을 추가적으로 공부하고 있습니다.
본인의 장단점을 각각 설명해 주시고 그것을 특화시키고 극복하기 위한 노력도 함께 말씀 부탁드립니다,RND 직무의 인성면접에 참가하게 된 신입 지원자입니다. 저는 사소한 일에도 감사함을 아는 편입니다. 상대방이 나를 위하고 생각하는 것은 감사한 일이기 때문입니다. 저의 단점은 실수를 하였을 경우 남들보다 크게 걱정을 하는 것입니다. 그렇기 때문에 저의 꼼꼼한 성격으로 실수를 최소화하기 위해서 한 번 더 검토를 하는 편이고 혹시 혹시라도 한 번 실수를 저지르게 되면 해당 실수는 다시는 하지 않으려고 노력하는 편입니다.
지원자님의 장점과 단점을 말씀해 주시고 그것을 특화시키고 극복하기 위한 노력도 함께 설명해 주세요,"RND 직무의 인성면접에 참가하게 된 경력직 지원자입니다. 제 장점은 시원시원하고 결단력이나 추진력이 있다는 거구요, 단점은 성격이 너무 급하고 말이 빠르다는 것입니다. 저는 제가 없는 기질을 애써 키우려고 하기보다는 제가 가진 강점을 더욱 키워서 차별성을 두려고 하는데, 제가 가진 강점을 더욱 견고히 할 수 있도록 결단력과 추진력에 필요한 다각적인 상황 판단이라든지 빠른 분석을 할 수 있는 능력이라든지 그런 점을 키우기 위해 노력을 하는 편입니다."
살면서 가장 힘들었던 점은 무엇이었나요 그리고 그 점을 극복하기 위해서는 어떤 노력을 해 보셨는지도 함께 얘기해 주세요,RND 직무의 인성면접에 참가하게 된 신입 지원자입니다. 제가 살면서 가장 힘들었던 순간은 영어를 전혀 하지 못하는 상대태로 해외에 나가게 되었는데 그 상태로 영어로 모든 수업을 진행하고 또 영어를 사용하는 아이들이 있는 국제 학교에 다니게 되었습니다. 그때부터 저는 영어를 정말 열심히 공부했고 학교에서 배운 내용은 집에 돌아와 복습을 하며 사전을 옆에 두고 내용을 하나하나 정리하면서 모르는 단어는 찾아보며 공부했습니다. 이러한 노력 끝에 영어가 들리기 시작했고 이 년이라는 시간이 흐른 후에는 학교에서 가장 우수한 성적으로 어 졸업을 할 수 있었고 상장까지 받아냈습니다.
그동안 속해 있었던 조직 단체 속에서 지원자님께서는 주로 어떤 역할을 하는 사람이었는지 말씀해 주세요,RND 직무의 인성면접에 참가하게 된 신입 지원자입니다. 저는 단체 생활을 하면서 리더 역할을 굉장히 많이 했습니다. 항상 리더 역할을 하고 여러 사람을 하나로 모으는 역할을 잘 하기 때문에 음 학창 시절 내내 리더로서 역할을 많이 해 왔던 것 같습니다. 이런 리더 기질이 제가 회사를 들어갔을 때도 능동적으로 적극적으로 임하는 데 도움이 될 거라고 생각합니다.                               .
지원자님의 성격상 장점과 단점에 대해 각각 말씀해 주십시오 구체적인 예시를 들어주셔도 좋을 것 같습니다,RND 직무의 인성면접에 참가하게 된 신입 지원자입니다. 제 장점은 사람들과 잘 친해진다는 것에 있습니다. 사람들의 말을 잘 들어주고 사람들에게 고민도 잘 들어주고 어 제가 원하는 바도 잘 얘기를 하고 어 유머를 적절히 잘 사용을 하면서 사람들과 친밀감을 가지고 그로인해서 업무를 할 때도 도움을 받을 수 있는 그런 기회를 삼을 수 있었던 것 같습니다. 팀에서는 최대한 빡빡하게 규정들을 만들고 진행해 나가고 있지만 더 빡빡하게 사람들에게 제시를 한 뒤에 그 규정을 맞는 안에 제가 이 정도까지는 해 오세요. 그 이유까지는 제가 받아들이지 못합니다 라는 방식으로 업무를 진행했었습니다.
지금까지 협업을 해 오면서 가장 어렵다고 생각한 것이 있다면 어떠한 것이었고 그 어려움을 어떻게 극복했는지도 함께 설명 바랍니다,"RND 직무의 인성면접에 참가하게 된 신입 지원자입니다. 팀 협업은 공통된 목표를 향해 효과적인 문제 해결을 독려하는 다양한 개성 전문 지식 창의력이 한 데 어우러져 상호 작용하는 과정이다. 직장 내의 협업은 대게 광범위한 비즈니스 목표를 길잡이로 삼기 때문에 어려움을 맞이하게 됐다. 특히나 가장 어려웠던 점은 각자에 아이디어가 나오는데 그 아이디어를 하나에 목표로 투영하는 것이었는데, 개인의 성취보다는 팀적인 성취를 위해 함께 힘을 내보자 이런 식으로 독려를 했던 것으로 기억된다."
일을 하다 보면 상사와 트러블이 생길 수 있는데요 이때 지원자님은 어떻게 할 것 같으십니까 또 만약에 상사가 혼내면 지원자님께선 기분 나쁘시진 않을지 말씀해 주세요,"RND 직무의 인성면접에 참가하게 된 신입 지원자입니다. 일을 하다 보면 상사와 트러블이 생길 수 있다고 생각합니다. 트러블이 생김으로써 제가 말씀드리고 싶었던 의견을 확실하게 말씀드릴 수 있는 그런 기회가 될 것 같기도 하고, 트러블이 생기지 않도록 조치할 수 있는 방안에 대해 고민해 볼 것 같습니다.                              ."
어 기차가 운행을 하다가 산 사태로 삼십 분 동안 정차되었다고 가정해 보겠습니다 이때 지원자님께서 본인이 관리 책임의 위치에 있다면 어떻게 조치를 하실 것 같으신지 말씀해 주시길 바랍니다,RND 직무의 인성면접에 참가하게 된 신입 지원자입니다. 자연 재해로 인해서 차량 운행이 어렵습니다. 차량이 멈추면 승객분들이 굉장히 당황하실 것 같은데 방송을 통해서 안내를 해 드리고 또 해당 사건으로 인해서 차량이 몇 분 정도 지연이 되는지 또 보상은 어떻게 지급이 될 예정인지를 고지할 것 같습니다.                              .
여태까지 속해 계셨던 조직이나 단체 속에서 지원자님은 주로 어떤 일을 맡아서 하는 사람이었나요,"RND 직무의 인성면접에 참가하게 된 신입 지원자입니다. 저는 따르는 역할도 했지만 리더 역할도 했습니다. 두 가지 성향을 다 가지고 있기 때문에 하이브리드입니다. 예전에 제가 함께했던 프로젝트에서 전 두 가지 역할을 했던 적이 있습니다. 그중에 리더는 따로 있었습니다. 그 리더는 자신의 일을 어 책임지지 못하고 나가 버렸지만, 제가 그 자리에서 우리 팀원들을 어떻게든 어 마무리는 지어야 해서 끌고 갔던 기억이 납니다."
해외에 파견 근무를 나가게 된다면 어느 나라에서 일을 하고 싶으십니까 이유도 말씀해 주시기 바랍니다,RND 직무의 인성면접에 참가하게 된 신입 지원자입니다. 제가 해외에 파견 근무를 나가게 된다면 터키에서 반드시 일을 해보고 싶습니다. 그 이유는 제가 터키에 굉장히 능통한 경험이 있기 때문인데 제가 터키에 굉장히 능통한 경험이 있기 때문입니다. 일 년 간의 교환 학생 기간이 끝나고도 저는 터키에서 더 지내게 되었는데 그곳에서 관련 직무와 관련된 인턴을 하면서 어 이 년이라는 시간을 더 보낼 수 있었습니다. 터키는 굉장히 어 발전 가능성이 많은 국가이기 때문에 이러한 점도 제가 터키의 끌림을 느끼는 이유 중의 하나 중 하나입니다.
일을 하다 보면 상사와 트러블이 생길 수도 있습니다 이런 상황이 발생한다면 어떻게 하시겠습니까 또 상사가 혼을 내면 기분 나쁘시지 않을까요,RND 직무의 인성면접에 참가하게 된 신입 지원자입니다. 상사와 동료들 간에 갈등 없이 잘 지내는 것이 바람직한 일이겠지만 일을 하다 보면 어 갈등이 생겨서 트러블이 생길 수도 있습니다. 제가 부족하고 일을 잘 수행하지 못했기 때문에 상사가 혼을 내내는 것이기 때문에 기분은 나쁘지 않을 것입니다.                              .              .
지원자님이 생각하는 십 년 후 미래의 본인은 어떤 모습일 것 같으세요 또한 저희 회사에 그때까지 계속 다니고 계실 것 같으신지 솔직하게 말씀해 주세요,RND 직무의 인성면접에 참가하게 된 신입 지원자입니다. 저는 장기적인 미래 플랜을 가지고 이 회사에 지원했습니다. 그래서 앞으로 꽤 긴 시간 동안 이 회사에 다니면서 같이 성장하고 싶다고 생각했습니다. 그래서 십 년 후에도 이 회사에서 한 구성원으로서 제 역할을 다하면서 지내고 있을 것이라고 생각합니다. 알엔디 분야에서 전문적인 기술을 얻고 전문적인 능력을 가진 사람이 되어 있을 것 입니다.                               .
지원자님의 성격상 장점과 단점에 대해서 말씀해 주세요,RND 직무의 인성면접에 참가하게 된 신입 지원자입니다. 일을 맡기면 남들보다 빠르게 학습을 하기 때문에 일의 속도가 굉장히 빠르고 효율성도 높은 편이며 우유부단한 성격을 고치기 위해서 스스로가 어떤 기준을 세우고 기준에 딱 부합하지 않을 때는 아니오 라고 말할 수 있는 그런 성격을 키우기 위해 노력하고 있다. 그러다 보니 우유부단했던 성격도 결단력이 있는 성격으로 점차 변해가는 것 같다.
커뮤니케이션을 잘 할 수 있는 본인만의 기술이 있다면 이 자리에서 직접 한번 보여주실 수 있을까요,RND 직무의 인성면접에 참가하게 된 신입 지원자입니다. 커뮤니케이션 의사소통에 대해서 내향적인 성격이다 보니 어려워 하는 사람이라면 새로운 모임에 자주 가보라고 제안해 보고 싶습니다. 친한 친구들이기 때문에 의사소통을 하기 위해 하기 위해 말을 한다면 더 발전할 수 있다고는 생각하지 않기 때문에 이런 상황에서는 다른 새로운 모임들을 통해서 아예 새로운 사람들과의 대화를 함으로써 제가 가지고 있 그 사람이 가지고 있 그 사람이 가지고 있 그 사람이 가지고 있는 내향적인 성격을 바꿀 수 있다고 생각합니다.
지원자가 생각하는 본인이 아 이 능력은 상위 일 퍼센트 정도이다 라고 생각을 하는 그런 능력이 있다면 이걸 최대한 자세히 설명을 해주세요,RND 직무의 인성면접에 참가하게 된 신입 지원자입니다. 맡은 바는 끝까지 완성해야 한다는 책임감이 강하며 성실함에도 연결이 된다고 생각합니다. 실수 또한 자주 내지 않고 완벽하게 일을 처리하고 있기 때문에 저의 책임관과 성실함으로 아주 우수한 결과물을 낼 수 있지 않을까 생각이 들고 감사드립니다.                              .              ......
기차가 운행 시에 산사태로 삼십 분 동안 정차되었다고 합시다 이때 관리 책임의 위치에 있다면 어떻게 조치하실 건지 말씀해 주세요,RND 직무의 인성면접에 참가하게 된 신입 지원자입니다. 산사태로 인해 차량이 정차가 되었다면 가장 먼저 방송으로 차량이 멈췄다고 할 것 같습니다. 그 뒤로는 어떠한 보상이 이루어지고 언제 또 차량이 운행이 될 수 있는지에 대해 추가로 방송을 할 것 같은데 안도되었고 추가적으로 보상도 이루어지고 몇 분 안에 기차가 운행이 될 수 있다는 설명이 들리니 즐거운 경험으로 기억하고 있습니다.
다른 지원자들에 비해 지원자님만이 가진 차별성 장점을 어필한다면 어떤 것이 있으십니까,RND 직무의 인성면접에 참가하게 된 신입 지원자입니다. 저는 주변 사람들을 환히 밝히는 긍정적인 에너지가 있다고 생각합니다. 내향적이기보다는 굉장히 외향적이고 감정적인 부분을 드러내기보다는 논리적으로 또 감정을 배제하고 이성적인 사고로 처리하는 그런 능력이 있습니다. 그래서 이 두 가지가 저의 가장 큰 차별점이자 장점이라고 할 수 있습니다.                               .
지원자분께서 대학 생활을 보내시면서 가장 힘들었던 경험은 무엇일지 궁금합니다 그것을 어떻게 극복하셨는지도 함께 이야기해 주세요,RND 직무의 인성면접에 참가하게 된 신입 지원자입니다. 대학 생활을 하면서 전공 교수님 중에 저를 유독 좋지 않게 보는 분이 한 분 계셔서 굉장히 많은 고민을 했고 힘들었던 것 같습니다. 또 전공 수업을 하시는 분이기 때문에 학점 부분에 있어서도 열심히 노력하고 정말 잘 할려고 했는데도 어 제 뜻대로 학점이 나오지 않아 제가 스트레스를 많이 받은 적이 있습니다.                               .
입사 후에 쉬운 일과 어려운 일이 있을 때 그 일에 대한 분배는 어떻게 하실지 일을 어떤 방법으로 나눠서 처리할 생각인지 궁금합니다,RND 직무의 인성면접에 참가하게 된 신입 지원자입니다. 사람이 상식적으로 어려운 일을 먼저 한 다음 쉬운 일을 하게 되면 심리적으로나 뒤에 하는 일이 더욱 쉽게 느껴질 것입니다. 하지만 쉬운 일을 하고 어려운 일을 하게 된다면 일의 능률이나 시간 같은 경우도 훨씬 더 효율적으로 분배되어서 일 처리하는 데 크게 도움을 받을 것 같습니다. 그렇기 때문에 저는 굳이 쉬운 일과 어려운 일에 대해서 우선순위를 정해야 한다면 어려운 일을 먼저 시작한 뒤 그 일을 다 마치고 나서 그 다음에 쉬운 일을 처리하는데 힘을 쓸 것 같습니다.
회사 일을 하게 되면 중국으로 출장을 갈 일이 조금 생길 수도 있습니다 중국 출장도 괜찮으신가요,RND 직무의 인성면접에 참가하게 된 신입 지원자입니다. 이전부터 중국에서 대학교를 다녔기 때문에 큰 어려움이 없다고 생각합니다. 여름방학 때 교환 학생으로 중국을 다녀왔었는데 중국에 대한 인식도 많이 배우게 되었고 중국에 대한 이미지를 직접 체험해 볼 수 있었던 게 가장 기억에 남았습니다.                               ...              .
지원자님께서 요즘 공부하는 것이 있다면 어떤 것을 왜 공부하시는지 또한 지금까지 무엇들을 배웠는지도 설명 바랍니다,RND 직무의 인성면접에 참가하게 된 신입 지원자입니다. 클래식 기타를 중학교 이 학년 정도에 한 세 달 정도 공부를 하면서 배웠던 경험이 있었는데 고등학교를 진학하면서 그만두면서 공부를 잘 하지 못했다. 하지만 지금 다른 공부들을 마친 상황에서 개인적으로 시간이 있어 다시 요즘에 공부를 하고 있는데 제가 기타를 치면서 음악을 듣는 것을 굉장히 좋아하고 평소에 버스킹 같은 공연들을 봤을 때 제가 좋아하는 노래를 연주하면서 직접 노래를 혼자 한번 불러보고 싶다는 생각이 들었습니다.
지원자님께서 지원하신 그 직무가 아니라 다른 부서에 배치가 되게 된다면 그래도 괜찮으실까요,RND 직무의 인성면접에 참가하게 된 신입 지원자입니다. 제가 지금 지원한 이 직무가 아닌 다른 부서에 배치되어도 그 일들을 잘 수행할 수 있습니다. 제가 지금까지 준비했던 것들이 지금 이 직무에 가장 적합하다고 생각했기 때문에 이 직무를 지원한 것입니다. 최선을 다해서 그 직무에서 최고가 되도록 노력하겠습니다.                              .
면접자님께서는 팀으로 일하는 것과 혼자 일하는 것 중에 무엇을 더 선호하십니까 그 이유도 함께 구체적으로 제시해 주시기 바랍니다,RND 직무의 인성면접에 참가하게 된 신입 지원자입니다. 저는 팀원들 각각이 가진 모든 능력이 다르기 때문에 이를 적극 활용한다면 혼자 일하는 것보다 훨씬 더 높은 효율성을 가질 수 있고 일 더하기 일이 이가 아닌 삼 사 훨씬 더 높은 시너지를 낼 수 있기 때문에 팀원으로 일하는 것을 선호합니다.                               .
이전 직장이나 대학교에서 지금까지 어떤 프로젝트를 해 오셨는지 생각나는 게 있으시다면 한 번 말씀해 주시길 바랍니다,RND 직무의 인성면접에 참가하게 된 신입 지원자입니다. 대학에 다닐 때 과제로 팀원을 구성해서 애니메이션 작품을 만드는 어 프로젝트를 만든 적이 있습니다. 서로 배려하는 마음과 각자 잘할 수 있는 분야를 선택해서 그 작품을 완성한 적이 있습니다.                                               에              .
본인의 장단점을 설명해 주세요 그리고 그것을 특화시키고 극복하기 위해 노력했던 부분도 함께 얘기해 주세요,RND 직무의 인성면접에 참가하게 된 신입 지원자입니다. 급작스럽게 나빠진 가정사로 대학 입학을 포기할 수밖에 없었고 저는 일을 다양한 사회 경험으로 적극적인 성격으로 바꾸는 계기로 삼고자 노력했습니다. 반면에 단점은 상황을 분석하는 성향이 타인의 이야기를 들어 줄 때 부정적인 경우가 있었고 솔직하고 직설적인 화법으로 상대방의 감정을 상하게 했던 적이 있었고 성장 과정에서 부모님께 변화를 만들어 가는 것들에서 되게 의연하지 못한 태도를 많이 해왔던 것들이 이러한 결과를 초래했던 것 같습니다. 너무 감사한 경험이었습니다.
이제까지 속해 있었던 조직이나 단체에서 본인이 맡았던 역할은 주로 어떤 역할이었는지 말씀해 주실 수 있을까요,RND 직무의 인성면접에 참가하게 된 신입 지원자입니다. 리더는 타인의 의견을 잘 수용하고 다른 사람의 기분이나 그 날의 분위기도 잘 살펴야 하는데 제가 그런 쪽에 조금 더 신경이 발달되어 있다 보니 남들이 항상 좋아해주는 리더로서 지금까지 모든 조직과 단체에 속해 있었던 것 같습니다.                              ......              .
만약 일을 하시다가 본인의 상사 분에게 굉장히 어려운 지시를 받게 된다고 하면 어떻게 하고 싶으신지 궁금합니다 그 이유도 함께 어 설명해 주시면 좋을 것 같습니다,RND 직무의 인성면접에 참가하게 된 신입 지원자입니다. 개인적인 것과 조직의 가치관이 부딪친다면 저는 조직의 가치에 따라 더 옳은 방향으로 행동해야 한다고 생각합니다. 그렇기 때문에 상사가 저에게 어려운 지시를 내리더라도 저는 묵묵히 이것을 수행하고 싶습니다. 감사합니다.       제가 미처 생각 못한 이유가 있을 수 있기 때문입니다. 하지만 동일한 일이 반복된다면 충분히 수행한 후 조심스럽게 다른 방법을 제시해 보겠습니다. 그럼에도 변화가 없는 것이라면 상사께서도 부수적인 설명이 있으시거나 별도의 지시가 있을 것이라고 생각합니다.
본인의 생각이 아닌 지원자님의 다른 주변 사람들이 생각하는 지원자님의 장점과 단점을 모두 말씀해 주시기를 바랍니다,RND 직무의 인성면접에 참가하게 된 신입 지원자입니다. 평소에 어떤 일을 할 때 제 성향이 즉흥적으로 했을 때 나오는 우발적인 상황들을 즐기기도 하면서 계획을 하면서 꼼꼼하게 하는 것에 대해서 압박감을 느끼고 힘들어 합니다. 그래서 저는 이 첫 단점도 알고 있기 때문에 다른 주변 사람들도 이렇게 얘기를 하면서 하는 것 같고 장점으로는 끈기와 유쾌함이라고 얘기해 주는 것 같으며 어떠한 유쾌한 점도 제 장점이라고도 종종 듣는데 처음에는 약간 낯을 가리는 스타일이지만 주변에서는 전혀 몰랐다고 얘기한 것을 꽤 많이 들었습니다.
면접자님께서 입사 후에 기존에 원하던 일을 못 하게 되었을 경우 어떻게 하실지 궁금합니다 그리고 그렇게 하시는 이유도 함께 설명해 주세요,RND 직무의 인성면접에 참가하게 된 신입 지원자입니다. 제가 입사하고 난 후 기존에 원하던 일을 못 하게 된다면 제일 첫 번째는 많은 걱정과 고민을 할 것 같습니다. 하지만 입사를 하게 된 것 중에 목표는 이 회사의 목표를 바라보았고 이 회사의 꿈 그 다음에 이 회사가 나아가야 할 방향에 대해서 저와 부합했기 때문에 이 회사를 지원했던 것이었고 만약 제가 입사 후에 기존에 원하던 일을 못 하게 되더라도 그 일들은 다음에 그 나중에 제가 좀 더 경험이 있는 상태에서 해 나갈 수도 있는 것이고 결국은 회사가 먼저 처리 해야 하는 방향 방향의 프로젝트를 저에게 주 주는 것이기 때문에 그것부터 해결해 나가는 것이 맞다고 생각합니다.
해당 직무에 지원한 이유가 뭔가요,RND 직무의 인성면접에 참가하게 된 신입 지원자입니다. 저는 직무수행에 도움이 될 만한 여러 회사의 인턴 경험과 다른 일 경험을 가지고 있습니다. 팀원들 사이의 분위기 메이커 역할과 함께 일을 하며 시너지를 낼 수 있는 역할을 하였습니다.                                               이
면접자님 면접자님이 생각하시는 기초 학문의 중요성에 대해서 설명해 주실 수 있으실까요,RND 직무의 인성면접에 참가하게 된 신입 지원자입니다. 인문학은 인류가 탄생한 이후부터 지금까지의 인간의 고차원적인 생각과 사고를 탐구하고 연구하는 학문인 것 같습니다. 기초 학문이 받쳐주지 않은 응용 학문은 공든탑이 무너진다는 결과를 가져올 것입니다. 대학이 그런 학문을 보호하지 않으면 고사한다며 대학이 기초 학문 진흥의 사회적 책무가 있다고 생각하며 인간 삶의 질은 향상되었다고 생각합니다.
살면서 가장 힘들었던 점이 무엇입니까 또 그 점을 극복하기 위해 어떤 노력을 하셨는지 궁금합니다,RND 직무의 인성면접에 참가하게 된 신입 지원자입니다. 살면서 가장 힘들었던 건 경제적인 면이 가장 힘들었던 것 같습니다. 하지만 다행히 대학교에 입학하고부터는 가정 형편도 많이 좋아져서 그때는 이제 학업에 몰두할 수 있었습니다.                              ......              .
면접자님께서 대학 생활을 보내면서 가장 힘들었던 경험이 있다면 무엇인지 또 그 경험을 어떻게 극복하셨는지 말씀 부탁드립니다,RND 직무의 인성면접에 참가하게 된 신입 지원자입니다. 대학 생활을 보내면서 가장 힘들었던 경험은 제가 일 학년 새내기 때 분반 동기들과 잘 지내지 못했던 것입니다. 분반 동기들과 잘 지내지 못했던 것을 보상 받기 위해서 어 동아리에 가입을 했었고 그때 가입했던 것이 자작 자동차 학회입니다. 저는 분반 동기들과 갈등을 겪게 됐던 것을 반면교사 삼아서 인간관계에 대해서 굉장히 많은 것들을 배웠다고 생각하며 친하게 잘 지낼 수 있었다고 생각합니다.    학회 동아리원들과 원만한 관계를 유지하는 데 성공했습니다.
어 지원자님께서는 평소에 협업을 할 때 사교성이 좋은 편이신지 궁금합니다 또 사교성을 키우기 위해서 지금까지 어떤 노력을 하셨나요,RND 직무의 인성면접에 참가하게 된 신입 지원자입니다. 제가 대학교 때 가지고 있었던 별명은 미스터 팀플레이입니다. 저는 협업을 하기 위해서 무엇보다 중요한 것은 그 협업의 구성원들에게 각자가 갖고 있는 책임감이라고 생각합니다. 그래서 저는 업무적으로 접근하기보단 함께 서로에 대해서 알아가는 시간을 반드시 가지도록 노력했고 이러한 노력을 통해서 저와 함께 일했던 팀의 구성원들은 서로가 서로에게 도움이 되어야겠다는 서로에 대한 책임감을 얻게 되었고 이러한 책임감은 이 팀의 공동의 목표를 잘 이루는데 커다란 원동력이 되었습니다.
이 직무에 지원하신 이유가 있으실 텐데요 그것이 무엇인지 말씀해 주시기 바랍니다 또 본인이 왜 적합한 인재라고 생각하시는지도 함께 설명해 주세요,RND 직무의 인성면접에 참가하게 된 신입 지원자입니다. 학업적 대학이나 고등학교에서 배워왔던 면모들이 지금 제가 지원한 이 분야와는 조금 다르기 때문에 다른 직무들에 조금 더 잘 어울리지 않을까 하는 생각들을 했었지만 결국 이 분야로 지원을 하게 된 것 중 하나는 제가 이 분야에 관련된 역량이 전혀 없다고 느끼지 않았고 오히려 이 분야에 대한 역량도 일 순위까지는 아니겠지만 내가 이 순위 삼 순위 정도로는 충분히 가지고 있구나 라는 생각을 명확하게 느꼈던 적이 있다는 점과 앞으로도 계속 이 직무를 하고 싶다는 생각이었습니다.
